phase,status,round,category,bet_id,pick_id,bet,pick,american_odds,fractional_odds,probability,total_probability,result
1,Open,Tournament,Top Finisher,1,1,"Win Tournament","Dan Mercer",110,11/10,0.47619047619047616,1.451556275041771,Pending
1,Open,Tournament,Top Finisher,1,2,"Win Tournament","Ethan Kipping",250,5/2,0.2857142857142857,1.451556275041771,Pending
1,Open,Tournament,Top Finisher,1,3,"Win Tournament","Devin Arand",350,7/2,0.2222222222222222,1.451556275041771,Pending
1,Open,Tournament,Top Finisher,1,4,"Win Tournament","Garrett Klenke",400,4/1,0.2,1.451556275041771,Pending
1,Open,Tournament,Top Finisher,1,5,"Win Tournament","Alex Leslie",1200,12/1,0.07692307692307693,1.451556275041771,Pending
1,Open,Tournament,Top Finisher,1,6,"Win Tournament","Pat Leicht",1500,15/1,0.0625,1.451556275041771,Pending
1,Open,Tournament,Top Finisher,1,7,"Win Tournament","Don Harris",2500,25/1,0.038461538461538464,1.451556275041771,Pending
1,Open,Tournament,Top Finisher,1,8,"Win Tournament","Dustin Scheller",3000,30/1,0.03225806451612903,1.451556275041771,Pending
1,Open,Tournament,Top Finisher,1,9,"Win Tournament","Derek Mercer",3500,35/1,0.027777777777777776,1.451556275041771,Pending
1,Open,Tournament,Top Finisher,1,10,"Win Tournament","Jake Kohne",5000,50/1,0.0196078431372549,1.451556275041771,Pending
1,Open,Tournament,Top Finisher,1,11,"Win Tournament","Field",10000,100/1,0.009900990099009901,1.451556275041771,Pending
1,Open,Round 1,Match,2,12,"Match","Dan Mercer",-260,13/18,0.7222222222222222,1,Pending
1,Open,Round 1,Match,2,13,"Match","Garrett Klenke",260,13/5,0.2777777777777778,1,Pending
1,Open,Round 1,Match,3,14,"Match","Ethan Kipping",-130,13/23,0.5652173913043478,1,Pending
1,Open,Round 1,Match,3,15,"Match","Devin Arand",130,13/10,0.43478260869565216,1,Pending
1,Open,Round 1,Match,3,30,"Match","Jake Kohne",5000,50/1,0.0196078431372549,1,Pending
1,Open,Round 1,Match,3,31,"Match","Steve Jones",5000,50/1,0.0196078431372549,1,Pending
1,Open,Round 1,Match,3,32,"Match","Field",10000,100/1,0.009900990099009901,1,Pending
1,Open,Round 1,Match,4,16,"Match","Alex Leslie",-130,13/23,0.5652173913043478,1,Pending
1,Open,Round 1,Match,4,17,"Match","Pat Leicht",130,13/10,0.43478260869565216,1,Pending
1,Open,Round 1,Match,4,33,"Match","Dan Mercer (E)",-200,2/3,0.6666666666666666,1,Pending
1,Open,Round 1,Match,4,34,"Match","Garrett Klenke (-3)",100,1/1,0.5,1,Pending
1,Open,Round 1,Group Match,5,18,"Group Match","Dan Mercer (E)",300,3/1,0.25,1,Pending
1,Open,Round 1,Group Match,5,19,"Group Match","Ethan Kipping (-2)",300,3/1,0.25,1,Pending
1,Open,Round 1,Group Match,5,20,"Group Match","Devin Arand (-3)",300,3/1,0.25,1,Pending
1,Open,Round 1,Group Match,5,21,"Group Match","Garrett Klenke (-4)",300,3/1,0.25,1,Pending
1,Open,Round 1,Group Match,5,35,"Group Match","Ethan Kipping (E)",300,3/1,0.25,1,Pending
1,Open,Round 1,Group Match,5,36,"Group Match","Devin Arand (-1)",300,3/1,0.25,1,Pending
1,Open,Round 1,Group Match,5,37,"Group Match","Alex Leslie (-3)",300,3/1,0.25,1,Pending
1,Open,Round 1,Group Match,5,38,"Group Match","Pat Leicht (-5)",300,3/1,0.25,1,Pending
1,Open,Round 1,Group Match,6,22,"Group Match","Ethan Kipping (E)",300,3/1,0.25,1,Pending
1,Open,Round 1,Group Match,6,23,"Group Match","Devin Arand (-1)",300,3/1,0.25,1,Pending
1,Open,Round 1,Group Match,6,24,"Group Match","Alex Leslie (-4)",300,3/1,0.25,1,Pending
1,Open,Round 1,Group Match,6,25,"Group Match","Pat Leicht (-5)",300,3/1,0.25,1,Pending
1,Open,Round 1,Group Match,6,39,"Group Match","Mike Vemmer",100,1/1,0.5,1,Pending
1,Open,Round 1,Group Match,6,40,"Group Match","Rob Vemmer",100,1/1,0.5,1,Pending
1,Open,Round 1,Group Match,7,26,"Group Match","Dustin Scheller (E)",300,3/1,0.25,1,Pending
1,Open,Round 1,Group Match,7,27,"Group Match","Don Harris (-2)",300,3/1,0.25,1,Pending
1,Open,Round 1,Group Match,7,28,"Group Match","Derek Mercer (-4)",300,3/1,0.25,1,Pending
1,Open,Round 1,Group Match,7,29,"Group Match","Jake Kohne (-6)",300,3/1,0.25,1,Pending
1,Open,Round 1,Group Match,7,41,"Group Match","Jake Kohne (E)",150,3/2,0.4,1,Pending
1,Open,Round 1,Group Match,7,42,"Group Match","Steve Jones (-5)",150,3/2,0.4,1,Pending
1,Open,Round 1,Group Match,7,43,"Group Match","Mike Yenzer (-5)",150,3/2,0.4,1,Pending
1,Hidden,Round 1,Match,8,44,"Match - Round 1","Brendan Nulsen (E)",100,1/1,0.5,1,Pending
1,Hidden,Round 1,Match,8,45,"Match - Round 1","Austin Davis (-10)",100,1/1,0.5,1,Pending
1,Hidden,Round 1,Prop Bet,9,46,"Lowest 18 hole score will be lower than highest 9 hole score","No",-200,2/3,0.6666666666666666,1,Pending
1,Hidden,Round 1,Prop Bet,9,47,"Lowest 18 hole score will be lower than highest 9 hole score","Yes",200,2/1,0.3333333333333333,1,Pending
1,Hidden,Round 1,Prop Bet,10,48,"Jake Kohne, Steve Jones, and Mike Yenzer best ball is under 80.5","No",-150,3/5,0.6,1,Pending
1,Hidden,Round 1,Prop Bet,10,49,"Jake Kohne, Steve Jones, and Mike Yenzer best ball is under 80.5","Yes",150,3/2,0.4,1,Pending
1,Hidden,Round 1,Prop Bet,11,50,"Alex Leslie, Devin Arand, Ethan Kipping, and Pat Leicht's best ball will beat Dan Mercer and Garrett Klenke's best ball","Yes",-130,13/23,0.5652173913043478,1,Pending
1,Hidden,Round 1,Prop Bet,11,51,"Alex Leslie, Devin Arand, Ethan Kipping, and Pat Leicht's best ball will beat Dan Mercer and Garrett Klenke's best ball","No",130,13/10,0.43478260869565216,1,Pending
1,Hidden,Round 1,Prop Bet,12,52,"Worst score to par to win a hole in match play is triple bogey or worse.","Yes",-110,11/21,0.5238095238095238,1,Pending
1,Hidden,Round 1,Prop Bet,12,53,"Worst score to par to win a hole in match play is triple bogey or worse.","No",110,11/10,0.47619047619047616,1,Pending
1,Hidden,Round 1,Prop Bet,13,54,"More Even or Odd hole scores","Even",-120,6/11,0.5454545454545454,1,Pending
1,Hidden,Round 1,Prop Bet,13,55,"More Even or Odd hole scores","Odd",120,6/5,0.45454545454545453,1,Pending
2,Hidden,Tournament,Top Finisher,14,56,"Win Tournament","Dan Mercer",100,1/1,0.5,1.2575757575757576,Pending
2,Hidden,Tournament,Top Finisher,14,57,"Win Tournament","Garrett Klenke",200,2/1,0.3333333333333333,1.2575757575757576,Pending
2,Hidden,Tournament,Top Finisher,14,58,"Win Tournament","Devin Arand",250,5/2,0.2857142857142857,1.2575757575757576,Pending
2,Hidden,Tournament,Top Finisher,14,59,"Win Tournament","Ethan Kipping",1000,10/1,0.09090909090909091,1.2575757575757576,Pending
2,Hidden,Tournament,Top Finisher,14,60,"Win Tournament","Field",2000,20/1,0.047619047619047616,1.2575757575757576,Pending
2,Hidden,Tournament,Top X Finisher,15,61,"Top 6 Finish","Rob Vemmer",120,6/5,0.45454545454545453,2.311942959001782,Pending
2,Hidden,Tournament,Top X Finisher,15,62,"Top 6 Finish","Alex Leslie",120,6/5,0.45454545454545453,2.311942959001782,Pending
2,Hidden,Tournament,Top X Finisher,15,63,"Top 6 Finish","Dustin Scheller",120,6/5,0.45454545454545453,2.311942959001782,Pending
2,Hidden,Tournament,Top X Finisher,15,64,"Top 6 Finish","Pat Leicht",120,6/5,0.45454545454545453,2.311942959001782,Pending
2,Hidden,Tournament,Top X Finisher,15,65,"Top 6 Finish","Mike Vemmer",120,6/5,0.45454545454545453,2.311942959001782,Pending
2,Hidden,Tournament,Top X Finisher,15,66,"Top 6 Finish","Hayden Schiller",5000,50/1,0.0196078431372549,2.311942959001782,Pending
2,Hidden,Tournament,Top X Finisher,15,67,"Top 6 Finish","Field",5000,50/1,0.0196078431372549,2.311942959001782,Pending
2,Hidden,Round 3,Top Finisher,16,68,"Medalist - Round 3","Dan Mercer",110,11/10,0.47619047619047616,1.7246078518646948,Pending
2,Hidden,Round 3,Top Finisher,16,69,"Medalist - Round 3","Garrett Klenke",120,6/5,0.45454545454545453,1.7246078518646948,Pending
2,Hidden,Round 3,Top Finisher,16,70,"Medalist - Round 3","Ethan Kipping",220,11/5,0.3125,1.7246078518646948,Pending
2,Hidden,Round 3,Top Finisher,16,71,"Medalist - Round 3","Alex Leslie",1000,10/1,0.09090909090909091,1.7246078518646948,Pending
2,Hidden,Round 3,Top Finisher,16,72,"Medalist - Round 3","Devin Arand",1200,12/1,0.07692307692307693,1.7246078518646948,Pending
2,Hidden,Round 3,Top Finisher,16,73,"Medalist - Round 3","Pat Leicht",1200,12/1,0.07692307692307693,1.7246078518646948,Pending
2,Hidden,Round 3,Top Finisher,16,74,"Medalist - Round 3","Dustin Scheller",1500,15/1,0.0625,1.7246078518646948,Pending
2,Hidden,Round 3,Top Finisher,16,75,"Medalist - Round 3","Mike Vemmer",1500,15/1,0.0625,1.7246078518646948,Pending
2,Hidden,Round 3,Top Finisher,16,76,"Medalist - Round 3","Rob Vemmer",1500,15/1,0.0625,1.7246078518646948,Pending
2,Hidden,Round 3,Top Finisher,16,77,"Medalist - Round 3","Jake Kohne",5000,50/1,0.0196078431372549,1.7246078518646948,Pending
2,Hidden,Round 3,Top Finisher,16,78,"Medalist - Round 3","Steve Jones",5000,50/1,0.0196078431372549,1.7246078518646948,Pending
2,Hidden,Round 3,Top Finisher,16,79,"Medalist - Round 3","Field",10000,100/1,0.009900990099009901,1.7246078518646948,Pending
2,Hidden,Round 3,Match,17,80,"Match - Round 3","Jacob Geringer",100,1/1,0.5,1,Pending
2,Hidden,Round 3,Match,17,81,"Match - Round 3","Joey Suntrup",100,1/1,0.5,1,Pending
2,Hidden,Round 3,Match,18,82,"Match - Round 3","Mike Yenzer (E)",100,1/1,0.5,1,Pending
2,Hidden,Round 3,Match,18,83,"Match - Round 3","Evan Shippee (-5)",100,1/1,0.5,1,Pending
2,Hidden,Round 3,Prop Bet,19,84,"More Even or Odd hole scores","Even",-120,6/11,0.5454545454545454,1,Pending
2,Hidden,Round 3,Prop Bet,19,85,"More Even or Odd hole scores","Odd",120,6/5,0.45454545454545453,1,Pending
